"ID","cluster","maxflow"
"400002",1,2030.69042983375
"400006",1,2026.80213059776
"400007",1,2064.11355079465
"400009",1,1840.53239017126
"400010",1,2067.57231783229
"400011",1,1942.39254513686
"400014",1,2025.48148148148
"400015",1,1888.79189399844
"400017",1,1803.30550918196
"400025",1,1978.58373419845
"400026",1,2100.32241289651
"400028",1,1914.27493261456
"400030",1,1973.55912743972
"400037",1,2327.34470989762
"400038",1,2081.81547895568
"400039",1,2057.97088663432
"400040",1,2072.51880162742
"400041",1,1892.37610234753
"400043",1,2101.5225509911
"400045",1,1913.49152542373
"400048",1,2256.93658536586
"400049",1,2484.89892984542
"400050",1,1605.04589027126
"400052",1,2271.80530330548
"400057",1,1900.47792372211
"400059",1,2017.53321701785
"400060",1,1818.66713557236
"400065",1,1870.19929660024
"400067",1,2112.28968315905
"400069",1,2347.91220368744
"400075",1,1726.13192612137
"400078",1,1997.6394074431
"400079",1,2033.37549692808
"400082",1,2036.11346884074
"400083",1,1929.42465753425
"400084",1,1972.12101390024
"400088",1,2376.5159658552
"400091",1,2358.43484178292
"400095",1,1938
"400096",1,2319.16573793982
"400097",1,1872.22008733625
"400101",1,2009.50533462658
"400103",1,1761.04981253347
"400104",1,2162.76678228932
"400105",1,2334.5353504168
"400106",1,2076.48885712429
"400108",1,1598.97650130548
"400110",1,1743.81311228334
"400111",1,1777.43360504864
"400113",1,1896.89568675436
"400115",1,2262.64490714688
"400116",1,1898.32134292566
"400118",1,2387.2513562387
"400119",1,1791.04306220095
"400122",1,2327.14848883049
"400124",1,2209.75192472198
"400126",1,1749.35258610486
"400127",1,1860.74328061055
"400128",1,2492.77777777777
"400132",1,2585.24458700882
"400137",1,2133.7458563536
"400141",1,2187.45959922431
"400143",1,2102.28066570782
"400145",1,2364.2
"400146",1,2101.15454999168
"400148",1,2015.10260457774
"400149",1,1674.56475583864
"400152",1,2211.35011441648
"400154",1,1521.01983002833
"400164",1,2058.56866537717
"400168",1,2209.70074215944
"400171",1,2031.57987062822
"400172",1,1860.50086355786
"400176",1,1794.41898902713
"400178",1,2152.62810908002
"400180",1,2614.31566538964
"400182",1,1899.29930492172
"400183",1,2210.39563106796
"400185",1,2132.29312762973
"400186",1,2085.74645537948
"400189",1,2096.2732174955
"400190",1,2380.70551549405
"400193",1,2332.83907846873
"400195",1,1881.58530362306
"400203",1,1906.60277910877
"400207",1,2273.27509743314
"400208",1,1712.07727298254
"400209",1,1806.41404068608
"400213",1,1902.70124621084
"400218",1,2691.79683597002
"400221",1,2236.84403669725
"400222",1,2139.8742970559
"400223",1,2235.46892239794
"400224",1,1771.53846153846
"400225",1,2008.92345294967
"400227",1,1987.36370425691
"400228",1,1871.4320212509
"400231",1,1882.65802269043
"400235",1,2253.04207119742
"400236",1,1972.93002257336
"400238",1,1998.6529394785
"400246",1,2138.74015748032
"400248",1,2132.78704144831
"400249",1,2073.75220199647
"400252",1,1954.4
"400253",1,2107.02536146006
"400255",1,1920.74503981644
"400258",1,2355.53943217666
"400260",1,2191.43879742305
"400263",1,1986.94920955264
"400268",1,2105.5592469546
"400270",1,2543.41700404859
"400272",1,2069.69503868912
"400274",1,2065.28541226216
"400276",1,1812.07920792079
"400278",1,1735.02082665812
"400280",2,1570.04926108374
"400284",1,1932.93261090416
"400289",1,2045.52164009112
"400291",1,1779.78387364921
"400292",1,2135.67123287671
"400296",1,1901.19402985075
"400297",1,1849.73474801062
"400301",1,2128.65480427046
"400302",1,1899.6995813839
"400304",1,2139.06831000626
"400307",1,2157.88034188034
"400309",1,2095.7864476386
"400312",1,1860.51565377533
"400313",1,2016.80602006688
"400316",1,1983.01526717557
"400317",1,2019.39082568807
"400319",1,1915.64516129033
"400323",1,2257.30765269337
"400324",1,2296.3978269954
"400325",1,2124.80198019802
"400329",1,1899.23800986104
"400330",1,1993.35
"400331",1,1995.44673337258
"400333",1,1931.71370653361
"400334",1,2315.17989326906
"400336",1,2092.86505392014
"400337",1,1716.7768369298
"400338",1,2163.7496661622
"400339",1,2059.3990110308
"400340",1,1904.35327933106
"400341",1,1856.13789122098
"400345",1,2262.71915315911
"400353",1,2221.06424911313
"400354",1,2056.85372585096
"400360",1,1986.09094382881
"400361",1,2157.76126482214
"400363",1,2214.73197781885
"400372",1,2021.51523178808
"400378",1,1969.35112189206
"400382",1,2161.5294117647
"400383",1,1682.89198606272
"400388",1,2400.96618357488
"400389",1,2034.61412151067
"400392",1,2164.87608069164
"400393",1,2369.37091784118
"400394",1,1778.73053892216
"400395",1,1611.40175219023
"400397",1,1567.07692307693
"400400",1,1925.75444398512
"400402",1,2199.16981132075
"400409",1,2152.25
"400411",1,2228.17655571635
"400413",1,1994.98259860789
"400414",1,2390.64850136239
"400416",2,1266.81383370125
"400417",1,2038.71805613741
"400418",1,2088.63442225556
"400420",1,2274.72430152872
"400422",1,1967.13469148468
"400425",1,2020.48192771085
"400428",1,2469.13580246914
"400429",1,2030.00512557662
"400430",1,2220.40252565114
"400432",1,1988.77589841139
"400435",1,2198.95899398579
"400436",1,2002.71523178808
"400438",1,2587.77202072538
"400439",1,2039.61029792441
"400441",1,2264.41087613293
"400442",1,2224.55505279035
"400443",1,1990.54245283019
"400444",1,2441.2448361333
"400445",1,2254.32423756019
"400446",1,2314.56171735241
"400448",1,1873.31099195711
"400450",1,2462.50292397661
"400451",1,2067.18222222222
"400460",1,2155.94102341717
"400461",1,2363.68472267272
"400463",1,2014.82116244411
"400465",1,2296.69953977646
"400473",1,2047.90566521405
"400478",1,2282.21859706362
"400479",1,1782.83869231804
"400480",2,797.807325639739
"400484",1,1990.324950551
"400485",1,1891.86813186814
"400486",1,1758.08194949395
"400488",1,2017.78809869376
"400490",1,2205.72867298578
"400492",1,1935.60511150087
"400494",1,1770.50310130944
"400495",1,2097.33990147784
"400498",1,1882.68433571186
"400499",1,2183.82201939533
"400501",1,2692.19047619047
"400503",1,2108.99280575539
"400504",1,1475.96330275229
"400505",1,2036.81186283596
"400508",1,1945.66654816921
"400514",1,1907.33999649307
"400515",1,1941.19706266975
"400516",1,3149.65303244005
"400519",1,2149.99639119451
"400521",1,1870.41870753673
"400525",1,2073.79514255544
"400527",1,2187.0324244253
"400528",1,1755.82329317269
"400529",1,2006.62547933532
"400531",1,1927.09750566894
"400534",1,2094.49775381851
"400535",1,2072.55889520714
"400536",1,1820.91361093847
"400538",1,2362.71627906977
"400539",1,2206.43191729931
"400540",1,1843.64677197074
"400545",1,2604.74291710388
"400546",1,2183.27599894152
"400547",1,1903.13418217434
"400549",1,2009.25957446808
"400550",1,1927.32103570824
"400551",1,1367.4
"400552",1,2044.35106743476
"400553",1,2377.85521472393
"400560",1,2109.56815816858
"400563",1,2171.62393162393
"400565",1,2039.82554082344
"400567",1,2154.13732394366
"400568",1,1910.37068239259
"400571",1,2121.6395494368
"400573",1,1522.19204973008
"400574",1,2045.22957198444
"400575",1,1915.04778453518
"400576",1,2134.93089927364
"400578",1,2038.08369502907
"400579",1,2124.4258555133
"400580",1,2048.03332341565
"400581",1,1942.34665427509
"400582",1,2130.60923076923
"400586",1,1931.37078651685
"400591",1,2124.56257848472
"400596",1,1878.70897155361
"400602",1,1869.97240110396
"400606",1,2092.71775345074
"400608",1,1887.96067490368
"400609",1,1551.49395348838
"400611",1,1860.5422617654
"400612",1,2035.78108010148
"400615",1,1822.74789371354
"400616",1,1803.09799445622
"400617",1,2004.07221664994
"400619",1,2069.28088506454
"400620",1,1296.638452237
"400621",1,2114.72756533068
"400622",1,1683.25752017609
"400625",1,2053.01059407269
"400628",1,1978.40739111307
"400634",1,1965.21469402224
"400637",1,2081.0071942446
"400641",1,2126.85998342999
"400643",1,1952.08852005533
"400645",1,1900.88581091963
"400646",1,1703.34409594096
"400648",1,1799.99071063632
"400654",1,2116.48033126294
"400657",1,2076.44726407613
"400660",1,2098.03116147308
"400661",1,1706.54122390692
"400662",1,2227.1784107946
"400665",1,1866.47504572772
"400666",1,2080.00532056398
"400668",1,1958.66359447004
"400670",1,1847.27622714149
"400674",1,2116.1106668799
"400676",1,1938.77715205148
"400678",1,2131.25568559309
"400679",1,1832.28426395939
"400681",1,1926.853181978
"400685",1,1916.26962607982
"400686",1,2039.22467121844
"400687",1,2034.14115861371
"400688",1,2171.50895140664
"400691",1,1848.11991006745
"400692",1,2049.53618371355
"400696",1,2731.87396351576
"400698",1,2252.47706422019
"400700",1,2094.90291262136
"400707",1,2237.70676691729
"400712",1,2096.22578330543
"400713",1,1919.46119774286
"400714",1,1983.36548365952
"400715",1,2524.22110552764
"400716",1,2015.49191848208
"400717",1,2003.49914236706
"400720",1,2215.01617332926
"400723",1,1966.9663526245
"400726",1,2803.67945823928
"400727",1,2157.49934878874
"400728",1,2080.23215743176
"400730",1,2193.2260579854
"400733",1,2051.63348584147
"400734",2,1389.47368421053
"400736",1,2000.4400234055
"400738",2,1374.99790532048
"400739",1,2245.34426229508
"400743",1,2008.60782529572
"400744",1,2345.07146638433
"400746",1,2079.88612099644
"400748",1,1965.74189446916
"400753",1,2104.94117647058
"400755",1,2134.71571906355
"400760",1,1942.41273729332
"400761",1,2257.60806916427
"400763",1,1904.27698574338
"400764",1,2547.49663526245
"400767",1,2136.45979121257
"400769",1,1944.40257352942
"400770",1,2245.07631923245
"400772",1,2073.34947929281
"400774",1,2364.86710963456
"400778",1,2196.06557377049
"400783",1,2205.4459284791
"400784",1,2041.55419222904
"400787",1,2203.62235067437
"400788",1,2064.26409903714
"400790",1,2175.82372881356
"400791",1,2008.83848259679
"400792",1,1587.72833723653
"400794",1,1992.21449851043
"400799",1,2269.54300312234
"400801",1,2408.0690595184
"400805",1,1862.79491833031
"400807",1,2500.54054054054
"400809",1,1970.40268456376
"400810",1,1901.55351112146
"400814",1,2087.70978838736
"400815",1,1273.53573096684
"400816",1,2025.00352360818
"400817",1,2210.62824207493
"400819",1,2121.65424044735
"400822",1,1907.44691869498
"400823",1,2113.68281353682
"400828",1,1964.11067193676
"400829",1,1848.01339285715
"400835",1,1766.23775310254
"400838",1,2210.9254362771
"400839",1,2123.1544382839
"400841",1,1922.36317838333
"400844",2,997.839607201309
"400852",1,2445.6896791221
"400853",1,2135.05007153076
"400858",1,2367.78145695365
"400859",1,2358.65284974094
"400861",1,1703.77975336966
"400863",1,2113.85257301808
"400865",1,2134.05470153723
"400867",1,1828.26466916354
"400868",1,1895.05509271702
"400869",1,1794.80170835875
"400870",1,2427.71548117154
"400873",1,2000.20161290322
"400878",1,1987.14797464866
"400883",1,1779.24568965517
"400884",1,1939.33469615314
"400892",1,2033.97761953205
"400895",1,2058.00292255236
"400902",1,2114.72625698324
"400904",1,2125.2356557377
"400905",1,1869.15811088296
"400911",1,1938.0881511162
"400928",1,1957.14141922496
"400929",1,1756.76470588235
"400934",1,1520.83411433927
"400941",1,2199.65034965035
"400942",1,2234.71403812825
"400946",1,1650.75395466685
"400948",1,2173.54194407456
"400949",1,1890.73500768836
"400950",1,2170.0987012987
"400951",1,1828.77697841726
"400952",1,2272.11637728766
"400955",1,1921.02885590486
"400956",1,1897.62598296961
"400964",1,2127.59811616955
"400965",1,1928.34301521438
"400970",1,1948.6386057218
"400971",1,1978.6301369863
"400972",1,2171.69424743893
"400973",1,2047.11419926034
"400975",1,2414.394707828
"400976",1,2103.68786745056
"400977",1,1716.08004851425
"400981",1,2376.51031894934
"400986",1,1780.89285714286
"400988",1,2430.01586462189
"400990",1,1966.13387310672
"400995",1,1790.04591368227
"401000",1,1828.01614924127
"401002",1,2018.90616425827
"401003",1,2004.2114869104
"401006",1,1914.59839357429
"401011",1,2058.68814009851
"401014",1,2118.06240713225
"401016",1,2135.51708832667
"401017",1,2116.47495361781
"401038",1,2089.07580212195
"401041",1,2113.38971106413
"401045",1,2043.54455945468
"401052",1,2091.02240896358
"401053",2,1167.75761304214
"401062",1,2166.19593239759
"401065",1,1800.83288841431
"401066",1,1802.19105882353
"401068",1,2200.32031377676
"401072",1,1397.1589991929
"401073",1,2097.13844115698
"401079",1,1966.0510348267
"401081",1,2177.89008212255
"401083",1,2207.71461716938
"401084",1,2191.24446630595
"401098",1,2296.62569832402
"401104",1,2143.88862478777
"401107",1,2372.74844720497
"401111",1,1967.52475247525
"401112",1,2147.49955634428
"401121",1,1897.25989005066
"401126",1,2792.22345132743
"401137",1,1554.55392918473
"401141",1,1952.87925696594
"401151",1,2125.45842217484
"401152",1,2627.28635682158
"401155",1,2603.97
"401156",1,1980.08620689655
"401163",1,2149.87830465799
"401167",1,1877.86996904024
"401195",1,2087.15503397159
"401197",1,1999.89766549409
"401198",1,1921.9624248878
"401199",1,2180.6842534675
"401208",1,1638.66201279814
"401209",1,2045.67423072354
"401210",1,2237.28510930526
"401211",1,2294.65900372828
"401213",1,2174.06199021208
"401215",1,1889.74402730376
"401221",1,2157.04542656654
"401223",2,1334.92822966507
"401224",1,1889.95480793372
"401226",1,2208.44553791098
"401228",1,2722.43538196439
"401229",1,2129.29953801973
"401230",1,2271.43318385651
"401233",1,2093.38426732931
"401234",1,2057.00116562467
"401239",1,2979.41176470588
"401240",1,1980.2466236054
"401242",1,1828.61325115562
"401243",1,2222.52645800495
"401253",1,2305.56648682957
"401256",1,2837.67755313634
"401260",1,1972.42045454545
"401269",1,2307.97880393641
"401274",1,2425.68894145476
"401277",1,1808.76898047722
"401279",1,2606.25368731564
"401280",1,2440.41450777202
"401282",1,1856.1875945537
"401283",1,2281.18924020764
"401285",1,1945.12082541407
"401288",1,2415.19298245614
"401289",1,1825.0612244898
"401298",1,2668.318352672
"401301",1,1506.27103631532
"401305",1,1867.83735156532
"401336",1,2310.21063189569
"401343",1,1757.67991407089
"401344",1,1940.97219082072
"401347",1,2447.79725448786
"401357",1,1948.86453309952
"401358",1,2179.38144329897
"401362",1,2168.99007405073
"401366",1,2227.34948096886
"401373",1,2056.05077899596
"401381",1,1760.74562850545
"401385",1,1334.48662103298
"401388",1,2304.48299791811
"401392",1,1434.0446650124
"401393",1,1733.80710659898
"401399",1,1795.46635182998
"401400",1,1871.29770992366
"401401",1,1757.76136363637
"401402",1,1690.68986948416
"401405",1,1936.73400234589
"401407",1,2193.77952755905
"401408",1,2080.99378881988
"401409",1,2958.585572843
"401410",1,2160.67834934992
"401411",1,2392.8157702604
"401423",1,2042.35160465777
"401424",1,1440.43956043956
"401426",1,1723.98826979472
"401431",1,1438.75076546234
"401434",1,2308.00773694391
"401435",1,1802.28148930552
"401439",1,2201.78988326849
"401440",1,1894.13419043792
"401441",1,2358.06389157793
"401443",1,1972.09176788124
"401446",1,2044.525695714
"401447",1,2062.15209125476
"401448",1,2196.7812142039
"401450",1,1924.42811658095
"401452",1,2147.00272479564
"401453",1,2277.659137577
"401454",1,2104.5452976704
"401461",1,2465.13638271086
"401462",1,2188.16988416988
"401464",1,2413.45021916093
"401467",1,2196.47879464285
"401469",1,2112.41379310345
"401470",1,1863.8706347841
"401472",1,2162.23642172524
"401474",1,2285.64356435644
"401475",1,1989.4915066674
"401478",1,1973.12285518188
"401480",1,2227.23874256585
"401481",1,1736.32040050062
"401482",1,1858.23626072668
"401483",1,2209.51788491447
"401485",1,2631.32602193419
"401486",1,2061.87393526405
"401488",1,1554.49131513648
"401489",1,2464.21906693712
"401495",1,2159.83216783217
"401501",1,1980.17343589241
"401503",1,1286.36012364761
"401507",1,1936.47597254004
"401509",1,2100.29361389772
"401512",1,2069.91549295775
"401513",1,1903.5539343408
"401515",1,2048.09608540925
"401516",1,2098.85267275098
"401517",1,1987.41101536156
"401524",1,1835.60606060606
"401526",1,2215.33310080223
"401529",1,1690.96202367859
"401531",1,2251.33035083588
"401534",1,2102.48145305705
"401538",1,2227.35532047293
"401541",1,2247.37341772152
"401542",1,2144.13331512089
"401545",1,2180.64636652344
"401548",1,1997.34226295382
"401551",1,2058.66566151527
"401555",1,2137.70798529904
"401558",1,1963.69942196532
"401560",1,1832.90828749211
"401561",1,1984.01514127349
"401564",1,2401.69491525424
"401571",1,2248.47076461769
"401575",1,1958.47800700662
"401578",1,1927.9823269514
"401581",1,1760.32220943613
"401582",1,1813.19843342036
"401587",1,2303.24074074074
"401589",1,2090.70170827858
"401592",1,1951.53804641123
"401594",1,2184.61724659607
"401597",1,2217.13133640553
"401598",1,1973.45770830707
"401600",1,2292.61885576148
"401602",1,2077.03840814437
"401603",1,1889.17808219178
"401604",1,2440.1095890411
"401609",1,2303.19277108434
"401612",1,1624.58309037901
"401613",1,1988.52017112103
"401614",1,2140.8284416879
"401621",1,2348.51411589896
"401629",1,2119.24708377518
"401631",1,1951.41348193122
"401634",1,1976.70708546384
"401636",1,2277.6936936937
"401637",1,2253.4579093432
"401638",1,2354.64406779661
"401642",1,2207.89699570816
"401643",1,2105.63084774596
"401649",1,1805.49417131272
"401651",1,2098.75794765636
"401652",1,2227.43143393864
"401653",1,2507.06123644888
"401657",2,1347.24085695737
"401662",1,2533.7308622079
"401668",1,1933.81267128809
"401669",1,2240.6838877532
"401671",1,1631.6555308092
"401681",1,1985.89476951731
"401683",1,2024.01375161152
"401684",1,1959.05151267376
"401686",1,1544.69111969112
"401689",1,1470.24141724078
"401692",1,2061.92343604109
"401695",1,1883.93535582648
"401698",1,1791.93402061855
"401702",2,1390.55335968379
"401708",1,2025.0542118432
"401714",2,1354.44232506776
"401716",1,2016.44674835062
"401722",1,2103.98806294086
"401724",1,2295.08396203456
"401734",1,2073.56070941336
"401744",1,2425.5937400867
"401748",1,2422.80597014926
"401756",1,2467.1269035533
"401758",1,2048.66009141208
"401766",1,2259.21177999134
"401768",1,1997.30542838456
"401770",1,1689.56339370829
"401778",1,1936.17374005306
"401782",1,1879.3019101278
"401784",1,2252.2118711738
"401785",1,2100.88531187123
"401786",1,2073.21396054629
"401787",1,2046.57037285859
"401788",1,2220.56043956044
"401789",1,2167.27863525589
"401790",1,2288.1059602649
"401791",1,1953.84883467654
"401793",1,2240.11740799278
"401794",1,2047.90322580646
"401795",1,1851.14230396902
"401800",1,1929.60619754681
"401810",1,2055.97551644988
"401811",1,1858.98442789438
"401825",1,2200.52442376824
"401827",1,1967.86849315068
"401831",1,2200.70655270655
"401832",1,2079.28770393952
"401833",1,2283.76574895007
"401834",1,2296.40222620507
"401835",1,2490.72178922399
"401837",1,2370.18206338504
"401840",1,2008.97291773122
"401841",1,1642.86404129548
"401845",1,1774.53310696096
"401846",1,2250.43044291953
"401851",1,2058.53316645808
"401853",1,2507.78135048232
"401854",1,2086.58802799667
"401855",1,2155.60502692998
"401858",1,2411.90136986302
"401859",1,2367.32442912538
"401860",1,2365.88918205805
"401861",1,2383.96205357143
"401869",1,2169.39130434782
"401870",1,2216.61436330718
"401871",1,2021.4536866964
"401872",1,2222.73419397551
"401873",1,2008.18946598391
"401874",1,2361.28539611836
"401875",1,2175.62560061503
"401876",1,2423.79789473684
"401877",1,2661.49729343274
"401878",1,1935.5923566879
"401883",1,2495.19309404816
"401888",1,2261.10638297873
"401890",1,2127.31847274332
"401891",1,2189.97065536355
"401892",2,1548.78
"401894",1,2357.39325842696
"401895",1,2240.87818146493
"401897",1,1885.54885404101
"401898",1,1514.87053020961
"401899",1,1717.59285919954
"401900",1,1886.59838274932
"401901",1,1649.13394919168
"401913",1,2231.4444231873
"401914",1,1743.07947888432
"401923",1,1900.7374665581
"401924",1,2213.01814183618
"401925",1,2448.11040339703
"401926",1,2267.7476635514
"401927",1,2443.50571584104
"401928",1,2105.6046476074
"401929",1,2094.38848920863
"401934",1,1830.41242115478
"401935",1,2026.25809008058
"401936",1,2254.72552532986
"401937",1,2238.88297872341
"401943",1,1995.08322663252
"401948",1,1970.66473034524
"401950",1,2358.41373187333
"401952",1,1879.31330472103
"401957",1,2273.40122199593
"401994",1,2118.11630396004
"401997",1,2075.03750721293
"402005",2,421.782178217821
"402007",1,2345.71265287462
"402008",1,1214.40225035161
"402012",1,2301.4523076923
"402015",1,1908.56993190152
"402016",1,2049.99833527552
"402017",1,1909.54641797371
"402018",1,2135.42996956496
"402019",1,2105.08077691051
"402020",1,2098.72705842734
"402027",1,2597.85398230088
"402028",1,2470.57979677226
"402031",1,1682.08897485493
"402032",1,2546.3924050633
"402039",2,987.003610108303
"402041",1,1471.43507972665
"402042",1,1426.01941747573
"402043",2,1096.38055842813
"402046",2,1102.33682514102
"402049",1,2012.92207792207
"402050",1,2571.28378378379
"402056",1,2156.45070422536
"402058",1,2159.56308028399
"402059",1,2221.85859541262
"402060",1,2383.32157471427
"402061",1,1997.11206518882
"402062",1,2071.33151246159
"402067",1,1734.48216587881
"402068",1,1998.04291845493
"402089",1,1995.5748373102
"402104",1,2117.93190416141
"402105",1,2092.70849880858
"402117",1,2059.57940536621
"402118",1,2123.75352396295
"402119",1,2131.53347732182
"402120",1,2153.67299840227
"402121",1,2096.96
"402122",1,1945.99331339082
"402125",1,1963.43163538874
"402126",1,2119.85157699444
"402129",1,2212.99924069855
"402131",1,1808.360170884
"402133",1,2532.54019292604
"402135",1,2458.13148788927
"402139",1,2270.19571295434
"402140",1,2135.89505329325
"402141",1,2039.08733280881
"402142",1,2039.64899451554
"402204",1,1915.56834532374
"402206",1,1461.7884816754
"402217",1,1467.30212765958
"402240",1,2080.03205770387
"402242",1,2024.78245489919
"402243",1,1950.18867924528
"402244",1,1991.51601608093
"402245",1,1984.98962022224
"402246",1,1956.26817096984
"402247",1,1940.81304168386
"402248",1,1970.55937193327
"402249",1,2000.77141953841
"402253",1,1953.31132219231
"402254",2,1237.75426008968
"402255",1,1920.11873350924
"402256",1,1569.46387708402
"402258",1,1841.40395660497
"402259",1,1727.75443764049
"402264",1,2003.83205481056
"402266",1,2586.47482014389
"402267",1,2033.29172320217
"402282",1,2064.47542186354
"402286",1,1416.98792796359
"402289",1,2052.89088292559
"402365",2,1573.78268448576
"402366",1,2104.85678704856
"402367",1,2009.36032388664
"402380",1,2064.12291933419
"402386",1,1881.14671163575
"402387",1,2040.15212631094
"402388",1,1884.09465381245
"402389",1,2024.96574433056
"402391",1,2102.8446866485
"402392",1,2218.45364997976
"402398",1,2547.78523489933
"402406",1,2283.06220095694
"402409",1,2178.50436681223
"402410",1,1970.08077544427
"402412",1,2178.79661859772
"402413",1,1482.85714285715
"402416",1,2115.57526169036
"402419",1,1950.4721395151
"402429",1,1652.53012048193
"402433",1,1628.4483710657
"402434",1,1257.97101449275
"402439",1,1464.27518427518
"402443",1,1966.07052593573
"402444",1,1931.18800784533
"402533",1,1934.63397383002
"402536",2,1273.54235232982
"402537",2,1526.11847233048
"402539",1,1582.04972710734
"402545",1,1952.5
"402555",1,2127.7261613692
"402556",1,2029.73926380368
"402557",1,2187.52941176471
"402558",1,2185.38922155689
"402565",1,1203.61876396128
"402566",2,1276.39109390126
"402567",1,1720.39815143975
"402569",2,1538.41334695267
"402571",1,1886.28914057296
"402573",1,2011.20104438642
"402581",1,2000.22143489814
"402583",1,1748.36946277097
"402584",1,2317.82178217822
"402591",1,2311.93340494092
"402594",1,2091.9176107106
"402595",1,2427.95862819815
"402596",1,1991.20564774915
"402599",1,1893.92144459141
"402788",1,2004.43298969072
"402789",1,2262.57266300078
"402793",1,2195.16886930984
"402794",1,1777.51636180567
"402796",1,1744.55005055611
"402798",1,2619.23252279635
"402799",1,1916.36942675159
"402801",1,1935.52582557155
"402802",1,2021.3812580231
"402803",1,2201.08898008207
"402814",1,1898.88527434396
"402815",1,1993.10307969804
"402816",1,2067.25315082214
"402817",1,2055.15131793036
"402827",1,1820.203384315
"402828",1,2021.00323624596
"402829",1,2343.47801736209
"402837",1,1682.48756218906
"402853",2,1270.12827090816
"402880",2,892.114513098265
"402885",2,1241.8401937046
"402887",2,649.007444168735
"402891",2,683.980686695279
"402894",2,1537.0093457944
"402899",2,1039.28571428571
"402904",2,967.892074198988
"402922",2,754.536585365854
"402937",2,1125.14285714286
"402940",2,545.263710863627
"402942",2,1349.70491803279
"402943",2,999.863774870048
"402946",2,459.191427179737
"402950",2,627.52401106951
"402952",2,1431.76243733128
"402954",2,636.375617792422
"402960",2,579.199100744696
"402964",2,460.360836415793
"402965",2,1086.6
"402967",2,1056.83773114482
"402968",2,595.225107416402
"402974",1,2025.71900826446
"402977",2,618.971486761711
"402990",2,507.852193995382
"402999",2,532.282777950794
"403002",2,625.027995520717
"403004",2,723.533895368981
"403006",2,545.460334306182
"403007",2,650.949720670391
"403012",2,762.373540856032
"403014",2,742.492944496708
"403019",2,549.892110586649
"403021",2,914.461883408071
"403028",2,608.955223880597
"403046",2,419.245003700963
"403056",1,2012.07307386815
"403062",1,1964.05523745368
"403081",1,1531.87032418952
"403097",2,1180.0170794193
"403103",1,2320.21155066638
"403150",1,1432.71837533644
"403179",2,1006.33663366337
"403185",1,1579.55768220809
"403195",1,3720
"403207",2,1499.0523690773
"403219",1,1623.8420844848
"403223",1,1858.89861621011
"403224",1,3079.03184713376
"403225",1,1935.5205811138
"403228",1,2163.72894047173
"403229",1,1497.97101449275
"403237",1,2352.3203839808
"403240",1,2532.17091066034
"403245",1,2459.23902439025
"403250",1,1810.58062196657
"403257",1,1561.6881028939
"403258",1,2240.67365745154
"403259",1,2039.14783731439
"403260",2,1550.30303030303
"403261",1,2118.74974295702
"403262",1,1958.63847343992
"403265",1,1968.70005058169
"403276",1,2324.62467644521
"403279",2,1230.07594936709
"403280",2,1354.2796907941
"403287",2,854.529485570891
"403313",1,2395.54624363963
"403314",1,2334.36661698956
"403315",1,2258.02421924792
"403316",1,2363.48258706468
"403317",1,2334.4490797546
"403318",1,2166.70031545741
"403319",1,2179.46100643931
"403324",1,2263.67758186398
"403328",1,2429.11516853933
"403332",1,2694.87733071638
"403337",1,2589.28240109141
"403338",1,2652.72550921435
"403342",2,683.442439725371
"403346",1,1883.17050691244
"403349",2,1180.54256314312
"403352",2,1220.41720990873
"403390",2,617.561293122152
"403391",1,2323.96848137536
"403392",2,506.708129720124
"403393",1,2316.43430502746
"403398",2,883.160165975104
"403401",1,2287.00071581962
"403402",1,2217.3777689084
"403404",1,1972.74791824375
"403406",1,1939.43891402714
"403409",1,1685.14220705347
"403412",1,1726.02789939925
"403414",1,2004.74725274725
"403418",2,1213.25373134328
"403419",1,2108.67538374076
"403430",1,1541.07460378817
"403454",2,941.546481320591
"403455",1,2051.23065585851
"403458",1,2220.56320400501
"403459",1,2551.83157894736
"403460",1,2231.86224489796
"403465",2,391.356783919598
"403471",2,1282.40963855422
"403525",1,1339.40298507463
"403903",2,1275.58998808105
"403904",1,2072.23767383059
"403906",1,2221.16060961313
"403908",1,2110.92269326684
"403909",2,834.831059361383
"403910",1,2086.80936187237
"403946",1,2382.68156424581
"403979",2,1126.42424242424
"403985",2,936.409495548961
"403998",1,2098.48646658074
"404017",1,1524.67080745342
"404353",2,890.427894963409
"404354",2,955.53126067646
"404358",1,2236.368
"404360",1,2036.45333953921
"404378",2,1340.54597478926
"404383",1,1688.70466321243
"404390",1,1847.01030927835
"404391",1,2278.69918699187
"404397",1,1676.11253196931
"404401",1,1634.0776119403
"404409",1,1948.21424038584
"404410",1,1932.89742541888
"404413",1,2634.07837445573
"404414",1,2361.5953307393
"404415",1,1699.07090464548
"404416",1,1929.17333333333
"404430",2,719.39946380697
"404443",2,1087.22316865417
"404452",1,2576
"404519",1,2430.92024539877
"404520",1,2088.66001050972
"404521",1,2096.23649459784
"404528",1,2223.07006035161
"404531",1,2264.97041420118
"404533",1,2248.64218616567
"404534",1,2450.11479987589
"404547",1,2140.88622754492
"404550",2,963.3607907743
"404553",1,2101.41836173722
"404559",1,2078.47759151557
"404560",1,2133.67001037703
"404563",1,2225.98978185062
"404569",1,2172.22733124886
"404573",1,2384.19528810673
"404575",1,2242.34648370498
"404583",1,1738.86711791948
"404585",1,1713.30862890419
"404586",1,1799.73206809936
"404684",1,2077.49015271923
"404690",1,2383.87982832618
"404694",1,1852.74737029774
"404730",1,2099.38059187888
"404735",1,1777.84860557768
"404753",1,2176.12463485882
"404759",1,1979.58333333334
"404873",1,1898.56064418721
"404877",1,2056.75903347373
"404883",1,1833.95351299836
"404884",1,2004.92022645394
"404887",1,1959.81221817283
"404888",1,1885.04769744806
"404889",1,1844.26763110308
"404890",1,1855.47988381435
"404893",1,1888.47963345812
"404894",1,1855.99920023993
"404895",1,1879.06084466714
"404896",1,1578.48045798289
"404899",1,2279.39698492463
"404905",1,1898.39982622547
"404906",1,1847.44020557423
"404907",1,1959.08396946565
"404908",1,1802.55368543238
"404909",1,1858.92585928207
"404910",1,1341.92239160562
"404911",1,1895.22991322398
"404913",1,1921.11046847888
"404914",1,1956.79935012185
"404915",1,1882.63288778365
"404916",1,1967.81143388814
"404917",1,1901.74472407177
"404918",1,1479.48355127323
"404920",1,1921.83044881196
"404921",1,1812.2713257965
"404922",1,1941.3973322755
"404923",1,1875.45918367346
"405029",1,1434.21897810218
"405046",1,1444.53333333334
"405269",1,2558.99796885578
"405270",1,1441.43046357616
"405273",1,1466.48567119156
"405274",1,2002.86687559613
"405275",1,2051.02990033223
"405276",1,2066.68907563025
"405279",1,1886.1663286004
"405389",1,2068.36879432624
"405390",1,1986.25641025642
"405406",1,1981.1501597444
"405450",1,1566.33209062231
"405451",1,1975.66498642885
"405589",1,2101.28307939054
"405590",2,966.231608101091
"405602",1,2348.12644640308
"405679",1,2353.83704872756
"405692",1,1682.40765510856
"405694",1,1393.635250918
"405698",1,1381.04901117799
"405701",1,1887.52941176471
"405747",1,1509.58273381295
"405754",1,1943.09709543569
"405763",1,2193.79119186942
"405827",1,2092.69296740995
"405834",1,1672.74661508704
"405838",1,2215.07064364207
"405840",1,2554.70588235294
"405841",1,2224.37008695652
"405843",1,2160.3771849126
"405848",1,2010.26468689477
"405856",1,1712.61432269197
"405863",2,769.404539385848
"405870",1,2217.99819657349
"405877",1,2147.10146574253
"405889",2,845.159432215594
"405890",2,711.829268292683
"405900",1,2376.50213284583
"405920",1,2719.1847133758
"405954",1,1623.10659898477
"406057",1,2104.65418781726
"406064",1,2124.63910301332
"406297",2,1034.59119496855
"406575",1,2415.57101923864
"406605",1,1894.31693989072
"406609",1,1948.90603897357
"406614",1,2362.24381071764
"406623",1,1228.09523809524
"406642",2,720.905432595574
"406652",1,2368.91007726451
"406657",2,2313.69929364278
"406658",2,2237.94088342744
"406659",2,774.876325088339
"406660",1,2479.08747979163
"406685",1,1290.27300303337
"406686",2,674.767848227658
"406689",2,878.085642317381
"406694",2,561.030927835051
"406695",1,1514.164389321
"406713",1,2445.12145748988
"406714",2,508.177339901478
"406716",1,1604.92659053833
"406717",2,625.278934221482
"406719",1,1759.79018821351
"406788",1,1350.11088295688
"406791",2,1192.0272572402
"406792",1,2093.76237623762
"406793",1,1562.34945120143
"406822",2,1386.54833597465
"406871",2,952.949698189135
"406889",1,1573.88550548112
"407007",1,1948.86522218142
"407017",1,1657.99373040752
"407148",1,2260.17882352942
"407153",1,2324.91109229466
"407163",1,2231.83765501691
"407165",1,1676.44487615347
"407170",1,2034.09240090886
"407173",1,2271.42857142857
"407174",1,1872.75441366442
"407176",1,2026.30962343097
"407177",1,2165.45454545454
"407179",1,2222.26796407186
"407185",1,2090.67985166873
"407186",1,2116.53860499814
"407187",1,1900.77951002227
"407190",1,2066.36591478697
"407194",1,1956.20689655172
"407196",1,2097.48906933167
"407197",1,2268.02348336594
"407200",1,2127.2
"407202",1,2183.20661157025
"407204",1,1954.33806358901
"407221",1,2294.45544554455
"407238",1,2047.10405859017
"407246",2,674.883026381285
"407254",1,1336.29749393694
"407259",2,519.027988717727
"407265",2,662.488479262673
"407274",2,1363.63636363637
"407287",2,222.434714823958
"407291",2,519.206937640673
"407293",2,917.349961028839
"407295",2,808.331118283652
"407310",2,1087.06224972697
"407321",1,1912.28070175439
"407323",1,1642.27912932138
"407328",1,2099.57200694042
"407331",1,2200.81841432225
"407335",1,2110.12398921833
"407336",1,2233.05307409353
"407337",1,2399.8470038249
"407338",1,3648.72231381864
"407339",1,2420.35989717223
"407341",1,2287.08648648649
"407342",1,1918.8328640901
"407344",1,1834.91545189505
"407348",1,1690.16025641026
"407352",1,2004.05916187346
"407354",1,1554.25641025642
"407358",1,1868.7983706721
"407360",1,2270.83955223881
"407361",1,2047.27604642065
"407364",1,2372.46993524514
"407365",2,161.56385973893
"407367",1,1842.54141492887
"407369",1,1383.08910891089
"407370",1,1890.70789259561
"407372",1,2156.11829944547
"407373",2,1378.77936008878
"407374",1,1981.26126126126
"407429",1,2828.78148400272
"407439",1,2026.10865445357
"407457",1,2335.77167019028
"407464",1,2032.25236397458
"407475",1,2050.4379673432
"407477",1,1446.19164619165
"407710",1,2277.87384833452
"407711",1,2003.97830018083
"407745",2,567.063508698386
"407749",2,1190.4483074108
"407862",2,766.919104991394
"407863",1,2011.24594257179
"407869",1,1788.06426931906
"407882",1,1794.20545484239
"407883",1,1941.53172866521
"407964",1,1869.70981415064
"407981",2,626.980535149338
"407987",1,1927.82274308735
"407990",1,1821.09762020399
"407992",1,1980.64754856614
"408004",2,514.189792573334
"408005",2,564.29559353032
"408009",2,799.556668620451
"408093",1,2413.04948216341
"408098",1,2289.83771122637
"408101",1,2269.75544686528
"408102",2,560.786749482402
"408133",1,1984.03916768666
"408134",1,2046.49655172414
"408135",1,1917.85130400935
"408141",1,1993.76913730255
"408142",1,1917.11985230011
"408154",1,2386.34463539248
"408162",2,768.259587020648
"408164",1,2159.40833706858
"408165",1,1964.32517758484
"408178",1,1554.70913398262
"408194",1,2071.14808652246
"408466",2,760.504825538233
"408473",1,1753.35701093905
"408589",2,405.182123482304
"408602",1,1966.86854783207
"408604",1,2392.03007518796
"408607",1,2468.98581187598
"408615",1,2281.97530864198
"408620",2,159.072847682119
"408634",1,2127.67890150515
"408755",1,2148.47835405058
"408756",1,2127.70265940403
"408782",2,1006.13065326633
"408783",2,521.933842239186
"408790",1,2113.79471508179
"408907",1,1730.36211699164
"409045",2,790.994764397905
"409100",1,1697.25676317038
"409107",1,1773.43609965943
"409231",1,1614.8743718593
"409232",1,2476.99677567941
"409478",2,1145.57911908646
"409479",2,1141.83622828784
"409481",2,985.513392857143
"409485",2,782.352513275623
"409524",1,2349.14702815433
"409525",1,2015.24475524476
"409526",1,1740.88421052631
"409528",1,1951.03746397694
"409529",1,2901.3820198752
"409584",1,1969.1416590224
"409614",1,1837.93705583756
"409635",1,1861.74904942966
"409671",1,2440.6432160804
"409672",1,1239.56496851746
"409674",1,2449.29178470254
"409676",2,789.169493167943
"409719",2,750.150753768845
"409720",1,2094.25163524433
"409721",2,843.01590306702
"409724",1,2103.9821528165
"409728",1,2316.39097744361
"409729",2,630.899790746338
"409733",1,2078.77338877339
"409734",2,590.196057366923
"409785",2,1232.24755700326
"409786",1,2341.37819475898
"409856",1,2011.07269155206
"409859",1,1881.48076923077
"409865",2,1546.67615658362
"409866",2,528.472906403941
"409868",1,1356.56108597285
"409871",2,432.749336367084
"409877",1,1870.22853087296
"409878",1,1633.72434017596
"409880",1,2001.51033386328
"409881",1,1851.58415841584
"409883",2,810.657672849916
"409888",2,1172.77738515901
"409893",2,1132.98291721419
"409918",1,2207.60975609756
"409919",1,1570.26128266033
"409926",1,1337.88461538462
"409928",1,1271.64179104477
"409929",1,2020.21152986742
"409931",1,2340.7453416149
"409933",1,2215.27465254798
"409935",1,1325.94297148574
"409938",1,1928.00510692627
"409940",1,1861.63366336633
"409941",1,2070.64190553089
"409946",1,1939.59467284308
"409948",1,1755.99423631124
"409958",1,2225.80080262678
"409960",1,2841.01818181818
"410083",1,2670.82872928177
"410095",2,1029.85074626866
"410098",1,2977.3
"410099",1,2070.944599442
"410100",1,2334.84698914116
"410106",1,1830.39208760155
"410108",1,1849.63018867925
"410110",2,778.410719850421
"410142",1,2367.41514360313
"410143",1,2017.27659574468
"410150",1,1926.08340147179
"410151",1,1909.13667903824
"410152",1,2093.0389502187
"410153",1,1887.21698113207
"410155",1,2053.74458152717
"410157",1,1970.59418457648
"410158",1,2266.18633540373
"410165",1,2064.95143082174
"410167",1,1689.01228948566
"410169",1,2142.99212598425
"410363",1,1829.26829268293
"410367",2,590.754098360656
"410371",2,343.325942350332
"410546",2,799.312039312039
"410547",1,2168.00667222685
"410551",2,1228.87441860466
"410553",1,2192.33082706766
"410554",2,484.354648881914
"410563",1,2057.94759825328
"410680",2,669.544706527702
"410686",1,2146.60273972603
"410687",1,2102.19895287958
"410698",2,845.737373737374
"410699",2,1231.42857142858
"410717",2,403.850364963504
"410742",1,2075.64980544748
"410743",2,677.50139431121
"410744",1,1502.16867469879
"410745",1,2329.01476835929
"410746",2,461.870503597122
"410764",1,2358.53235490327
"410767",2,1829.65873836608
"410779",1,2618.60828772479
"410782",1,2414.73684210527
"410786",1,2046.49651972158
"410787",2,643.469387755102
"410788",1,1992.0494053065
"410791",1,2328.6106870229
"410805",1,2027.70723355686
"410808",1,2069.7890625
"410811",1,1982.63106320431
"410812",2,815.336538461538
"410814",1,2230.94034904924
"410817",1,2278.25944170772
"411149",1,2167.01693140164
"411233",1,1702.51366120218
"411447",2,927.99459824443
"411559",2,1374.70588235294
"411716",1,1910.67178502879
"412392",1,1462.26506024096
"412637",1,1956.69287469288
"412638",2,1386.937438585
"412787",2,517.425742574257
"412788",2,583.743842364532
"412820",2,516.978254148202
"412950",1,2196.03287671232
"413039",1,2242.0447284345
"413195",1,2144.3109540636
"413248",2,172.65306122449
"413373",1,2275.43661971831
"413375",1,2115.08648784156
"413685",2,425.454545454546
"413782",1,2630.14492753624
"413786",1,1721.17216117216
"413822",2,311.067961165049
"413846",2,1323.48668280871
"413847",1,1937.31051344743
"413848",2,1312.1608040201
"413877",1,1975.98014888338
"413980",1,1736.91318327974
"413981",1,1557.89473684211
"413983",1,1863.5721493441
"413984",1,1630.36363636363
"413985",1,1693.84030418251
"413986",1,1429.85074626865
"413988",1,1326.40776699029
"414016",1,2860.10050251257
"414029",2,270.967741935484
"414057",1,2131.67512690355
"414058",2,1322.98507462686
"414060",1,1656.65835411472
"414249",1,1628.93617021277
"414284",1,1930.07407407407
